<policy-model>
  <title>Force11-Can I make my data open?</title>
  <version doi="xyz">0.4</version>
  <date>2017-04-23</date>
  <keywords>repository, open, Force11</keywords><!-- suggested keywords list here. -->
  <!-- YYYY-MM-DD format -->
  <authors>
    <!-- Need to finalize the fields for author types and fields -->
    <person orcid="0000-0002-8406-3871">
      <name>Maryann Martone</name>
      <affiliation>University of California, San Diego</affiliation>
      <email>mmartone@ucsd.edu</email>
    </person>
    <person orcid="0000-0003-1693-1240">
      <name>Fiona Murphy</name>
      <affiliation>University of Reading</affiliation>
      <email>fiona.murphy@reading.ac.uk</email>
    </person>
    <group>
      <name>Scholarly Commons Subworking Group 3</name>
      <contact>scwgwp3@force11.org</contact>
    </group>
  </authors>
  <model answers-order="yes-first">
    <!-- other options: yes-last, verbatim. Default: yes-first -->
    <!-- pathes are relative to model directory -->
    <space root="DataTags">definitions.ts</space>
    <graph>questionnaire.dg</graph>
  </model>
  <references>
    <!-- Need to finalize the fields for references -->
    <reference doi="1234567890">
      ref1 text
    </reference>
    <reference url="http://somewhere.org/important/doc">
      ref2 text
    </reference>
  </references>
</policy-model>
