<policy-model>
  <title>Force11-Repository Compliance</title>
  <date>2017-04-23</date>
  <version>0.2</version>
  <keywords>repository, FAIR, Force11, software</keywords>
  <authors>
    <person orcid="0000-0002-8406-3871">
      <name>Maryann E. Martone</name>
      <affiliation>University of California, San Diego</affiliation>
      <email>mmartone@ucsd.edu</email>
    </person>
    <group url="https://www.force11.org/group/scholarly-commons-working-group/wp3decision-trees">
      <name>Force 11: Scholarly Commons Subworking Group 3</name>
    </group>
  </authors>
  <model answers-order="yes-first">
    <space root="DataTags">definitions.ts</space>
    <graph>questionnaire.dg</graph>
  </model>
  <references>
      <reference doi="10.1038/sdata.2016.18">
      Wilkinson et al., FAIR Data Principles Sci Data. 2016 Mar 15;3:160018.
      </reference>
        <reference>
        Data Citation Synthesis Group: Joint Declaration of Data Citation Principles. Martone M. (ed.) San Diego CA: FORCE11; 2014 https://www.force11.org/group/joint-declaration-data-citation-principles-final
        </reference>
        <reference url="https://www.datasealofapproval.org/en/information/requirements/">
          Data Gold Seal of Approval
        </reference>
      <reference doi="10.6084/m9.figshare.1314859">
          Bilder G, Lin J, Neylon C (2015) Principles for Open Scholarly Infrastructure-v1
          </reference>
          <reference url="https://www.dtls.nl/fair-data/fair-principles-explained/">
            Dutch Techcenter for Life Sciences:  The FAIR Data Principles explained
          </reference>
  </references>
</policy-model>
