<policy-model>
  <title>Force11-Repository Complicance</title>
  <date>2017-04-23</date>
  <version>0.2</version>
  <keywords>repository, FAIR, Force11, software</keywords>
  <authors>
    <person orcid="0000-0002-8406-3871">
      <name>Maryann E. Martone</name>
      <affiliation>University of California, San Diego</affiliation>
      <email>mmartone@ucsd.edu</email>
    </person>
    <group>
      <name>Force 11: Scholarly Commons Subworking Group 3</name>
    </group>
  </authors>
  <model answers-order="yes-first">
    <space root="DataTags">definitions.ts</space>
    <graph>questionnaire.dg</graph>
  </model>
  <references>
      <reference>
      Wilkinson et al., FAIR Data Principles Sci Data. 2016 Mar 15;3:160018. doi: 10.1038/sdata.2016.18.
      </reference>
        <reference>
        Data Citation Synthesis Group: Joint Declaration of Data Citation Principles. Martone M. (ed.) San Diego CA: FORCE11; 2014 https://www.force11.org/group/joint-declaration-data-citation-principles-final
        </reference>
        <reference>
          Data Gold Seal of Approval https://www.datasealofapproval.org/en/information/requirements/
        </reference>
      <reference>
          Bilder G, Lin J, Neylon C (2015) Principles for Open Scholarly Infrastructure-v1, retrieved [date], http://dx.doi.org/10.6084/m9.figshare.1314859
          </reference>
  </references>
</policy-model>
