<policy-model>
  <title>Open Grant Proposal</title>
  <subtitle></subtitle>
  <version>0.2</version>
  <date>2017-10-05</date>
  <keywords>grant proposal; open science</keywords>
  <authors>
    <person>
    <person orcid="0000-0003-1693-1240">
      <name>Fiona Murphy</name>
      <affiliation>University of Reading</affiliation>
      <email>fiona.murphy@reading.ac.uk</email>
    </person>
  </person>
    <person orcid="0000-0003-1693-1240">
      <name>Maryann Martone</name>
      <affiliation>UCSD</affiliation>
      <email>maryann@ncmir.ucsd.edu</email>
    </person>
    <group>
      <name>Scholarly Commons WG3</name>
      <contact>scwg3@force11.org</contact>
    </group>
  </authors>
  <model answers-order="yes-first">
    <!-- other options: yes-last, verbatim. Default: yes-first -->
    <!-- pathes are relative to model directory -->
    <space root="OpenGrant">policy-space.ps</space>
    <graph>decision-graph.dg</graph>
  </model>
  <references>
    <reference url="https://sarahsupp.org/2016/03/10/open-grant-proposals-and-sharing-in-science-part-ii/">
      Blogpost by Sarah Supp, 10 March 2016
    </reference>
    <reference url="https://jabberwocky.weecology.org/2012/08/08/on-making-my-grant-proposals-open-access/">
      "On making my grant proposals open access" Jabberwocky Ecology website by Ethan White and Morgan Ernest
    </reference>
  </references>
  -->
</policy-model>
