<policy-model>
  <title>Force11-Open Software</title>
  <version>0.2</version>
  <date>2017-04-23</date>
  <keywords>repository, open, Force11, software</keywords>
  <authors>
    <person orcid="0000-0001-5934-7525">
      <name>Dan Katz</name>
      <affiliation>University of Illinois Urbana-Champaign</affiliation>
    </person>
    <person orcid="0000-0002-8406-3871">
      <name>Maryann Martone</name>
      <affiliation>University of California, San Diego</affiliation>
      <email>mmartone@ucsd.edu</email>
    </person>
    <group>
      <name>Force 11: Scholarly Commons Subworking Group 3</name>
      <contact>scwgwp3@force11.org</contact>
    </group>
  </authors>
  <model answers-order="yes-first">
    <!-- other options: yes-last, verbatim. Default: yes-first -->
    <!-- pathes are relative to model directory -->
    <space root="DataTags">definitions.ts</space>
    <graph>questionnaire.dg</graph>
  </model>
  <references>
    <!-- Need to finalize the fields for references -->
    <reference url="https://opensource.org/osd-annotated">
      Open Source Initiative:  Open source definition
    </reference>
  </references>
</policy-model>
