<policy-model>
  <title>Open Grant Proposal</title>
  <subtitle></subtitle>
  <version>0.1</version>
  <date>2017-07-11</date>
  <!--
  <keywords></keywords>
  -->
  <authors>

    <!--
    <person orcid="0000-0003-1693-1240">
      <name>Fiona Murphy</name>
      <affiliation>University of Reading</affiliation>
      <email>fiona.murphy@reading.ac.uk</email>
    </person>
  </person>
    <person orcid="0000-0003-1693-1240">
      <name>Maryann Martone</name>
      <affiliation>UCSD</affiliation>
      <email>maryann@ncmir.ucsd.edu</email>
    </person>
    <group>
      <name>Scholarly Commons WG3</name>
      <contact>scwg3@force11.org</contact>
    </group>
      -->
  </authors>
  <model answers-order="yes-first">
    <!-- other options: yes-last, verbatim. Default: yes-first -->
    <!-- pathes are relative to model directory -->
    <space root="OpenGrant">policy-space.ps</space>
    <graph>decision-graph.dg</graph>
  </model>
  <!--
  <references>
    <reference doi="1234567890">
      ref1 text
    </reference>
    <reference url="http://somewhere.org/important/doc">
      ref2 text
    </reference>
  </references>
  -->
</policy-model>
